symbol,KSE100,KSE30,KSEALL,KMI30,KMIALL,PSXDIV20,BKTI,OGTI
TPLP,1,1,1,1,1,0,0,0
TPL,1,1,1,1,1,0,0,0
TELE,1,1,1,1,1,0,0,0
LOADS,1,1,1,1,1,0,0,0
OBOY,1,1,1,1,1,0,0,0
ASTL,1,1,1,1,1,0,0,0
AGHA,1,1,1,1,1,0,0,0
WTL,1,1,1,1,1,0,0,0
TPLRF1,1,1,1,1,1,0,0,0
BECO,1,1,1,1,1,0,0,0
TBL,1,1,1,1,1,0,0,0
BOP,1,1,1,1,1,0,1,0
ASL,1,1,1,1,1,0,0,0
MLCF,1,1,1,1,1,1,0,0
PACE,1,1,1,1,1,0,0,0
FNEL,1,1,1,1,1,0,0,0
BBFL,1,1,1,1,1,0,0,0
HASCOL,1,1,1,1,1,0,0,0
PAEL,1,1,1,1,1,0,0,0
DSL,1,1,1,1,1,0,0,0
KOSM,1,1,1,1,1,0,0,0
DFSM,1,1,1,1,1,0,0,0
KEL,1,1,1,1,1,0,0,0
PIBTL,1,1,1,1,1,0,0,0
PTC,1,1,1,1,1,1,0,0
PAKQATAR,1,1,1,1,1,0,0,0
CSIL,1,1,1,1,1,0,0,0
TSBL,1,1,1,1,1,0,0,0
TOMCL,1,1,1,1,1,0,0,0
STCL,1,1,1,1,1,0,0,0
TREET,1,0,1,0,1,0,0,0
ITTEFAQ,1,0,1,0,1,0,0,0
AHCL,1,0,1,0,1,0,0,0
PAKRI,1,0,1,0,1,0,0,0
ALAC,1,0,1,0,1,0,0,0
STPL,1,0,1,0,1,0,0,0
MUGHAL,1,0,1,0,1,1,0,0
WAVES,1,0,1,0,1,0,0,0
WAVESAPP,1,0,1,0,1,0,0,0
THCCL,1,0,1,0,1,1,0,0
TRG,1,0,1,0,1,1,0,0
SPAC1,1,0,1,0,1,0,0,0
FFLM,1,0,1,0,1,0,0,0
SPSL,1,0,1,0,1,0,0,0
CNERGY,1,0,1,0,1,0,0,0
PQGTL,1,0,1,0,1,0,0,0
HCAR,1,0,1,0,1,1,0,0
HTL,1,0,1,0,1,0,0,0
SGPL,1,0,1,0,1,1,0,0
YOUW,1,0,1,0,1,0,0,0
JVDC,1,0,1,0,1,1,0,0
FCCL,1,0,1,0,1,1,0,0
DGKC,1,0,1,0,1,1,0,0
SSGC,1,0,1,0,1,0,0,0
ITANZ,1,0,1,0,1,0,0,0
PREMA,1,0,1,0,1,0,0,0
PIAHCLA,1,0,1,0,1,0,0,0
FDPL,1,0,1,0,1,0,0,0
MFL,1,0,1,0,1,0,0,0
IBLHL,1,0,1,0,1,1,0,0
ISL,1,0,1,0,1,1,0,0
BNL,1,0,1,0,1,0,0,0
ZUMA,1,0,1,0,1,1,0,0
UNITY,1,0,1,0,1,0,0,0
GWLC,1,0,1,0,1,1,0,0
FCEPL,1,0,1,0,1,1,0,0
DFML,1,0,1,0,1,0,0,0
WASL,1,0,1,0,1,0,0,0
FCSC,1,0,1,0,1,0,0,0
CLOV,1,0,1,0,1,0,0,0
LOTCHEM,1,0,1,0,1,0,0,0
CHBL,1,0,1,0,1,0,0,0
ADMM,1,0,1,0,1,1,0,0
NBP,1,0,1,0,1,1,1,0
DSIL,1,0,1,0,1,0,0,0
POWER,1,0,1,0,1,0,0,0
NCPL,1,0,1,0,1,1,0,0
MEBL,1,0,1,0,1,1,1,0
CEPB,1,0,1,0,1,0,0,0
MACFL,1,0,1,0,1,1,0,0
FFL,1,0,1,0,1,0,0,0
BAFL,1,0,1,0,1,1,1,0
ALTN,1,0,1,0,1,0,0,0
PRL,1,0,1,0,1,0,0,1
LUCK,1,0,1,0,1,1,0,0
GATM,1,0,1,0,1,0,0,0
SEARL,1,0,1,0,1,1,0,0
SYM,1,0,1,0,1,0,0,0
OGDC,1,0,1,0,1,1,0,1
INIL,1,0,1,0,1,1,0,0
PASL,1,0,1,0,1,0,0,0
HUMNL,1,0,1,0,1,0,0,0
FCL,1,0,1,0,1,0,0,0
MDTL,1,0,1,0,1,0,0,0
IMAGE,1,0,1,0,1,0,0,0
SNGP,1,0,1,0,1,1,0,0
ASC,1,0,1,0,1,0,0,0
HIRAT,1,0,1,0,1,0,0,0
ICIBL,1,0,1,0,1,0,0,0
STL,1,0,1,0,1,1,0,0
QUICE,0,0,1,0,1,0,0,0
DCL,0,0,1,0,1,0,0,0
UDLI,0,0,1,0,1,0,0,0
SBL,0,0,1,0,1,0,0,0
HUBC,0,0,1,0,1,1,0,0
QTECH,0,0,1,0,1,0,0,0
PPL,0,0,1,0,1,1,0,1
LSECL,0,0,1,0,1,0,0,0
CPHL,0,0,1,0,1,1,0,0
ENGROH,0,0,1,0,1,1,0,0
CSAP,0,0,1,0,1,1,0,0
CPPL,0,0,1,0,1,1,0,0
CTM,0,0,1,0,1,0,0,0
GGL,0,0,1,0,1,0,0,0
ANL,0,0,1,0,1,0,0,0
PSX,0,0,1,0,1,0,0,0
ILP,0,0,1,0,1,1,0,0
GAL,0,0,1,0,1,1,0,0
HRPL,0,0,1,0,1,0,0,0
NPL,0,0,1,0,1,1,0,0
GGGL,0,0,1,0,1,0,0,0
BML,0,0,1,0,1,1,0,0
PSO,0,0,1,0,1,1,0,1
AKBL,0,0,1,0,1,1,0,0
GCWL,0,0,1,0,1,0,0,0
SYS,0,0,1,0,1,1,0,0
KOHTM,0,0,1,0,1,1,0,0
GRR,0,0,1,0,1,0,0,0
IREIT,0,0,1,0,1,0,0,0
GDL,0,0,1,0,1,0,0,0
MARI,0,0,1,0,1,1,0,1
TPLT,0,0,1,0,1,0,0,0
NML,0,0,1,0,1,1,0,0
UBL,0,0,1,0,1,1,1,0
JSMFETF,0,0,1,0,1,0,0,0
LSEVL,0,0,1,0,1,0,0,0
AIRLINK,0,0,1,0,1,1,0,0
JSML,0,0,1,0,1,1,0,0
BFAGRO,0,0,1,0,1,0,0,0
DBCI,0,0,1,0,1,0,0,0
SLGL,0,0,1,0,1,0,0,0
TCORPCPS,0,0,1,0,1,0,0,0
NETSOL,0,0,1,0,1,1,0,0
MZNPETF,0,0,1,0,1,0,0,0
GCIL,0,0,1,0,1,0,0,0
AVN,0,0,1,0,1,0,0,0
EPQL,0,0,1,0,1,0,0,0
CJPL,0,0,1,0,1,0,0,0
FFC,0,0,1,0,1,1,0,0
AGL,0,0,1,0,1,0,0,0
WAHDAT,0,0,1,0,1,0,0,0
AKDSL,0,0,1,0,1,0,0,0
AICL,0,0,1,0,1,1,0,0
FANM,0,0,1,0,1,0,0,0
AGSML,0,0,1,0,1,0,0,0
MIIETF,0,0,1,0,1,0,0,0
KML,0,0,1,0,1,0,0,0
SNBL,0,0,1,0,1,0,0,0
KAPCO,0,0,1,0,1,0,0,0
SPEL,0,0,1,0,1,0,0,0
SGF,0,0,1,0,1,1,0,0
PASM,0,0,1,0,1,0,0,0
HBL,0,0,1,0,1,1,1,0
GSPM,0,0,1,0,1,0,0,0
HMB,0,0,1,0,1,1,0,0
BAHL,0,0,1,0,1,1,1,0
DCR,0,0,1,0,1,0,0,0
JSCL,0,0,1,0,1,0,0,0
EFERT,0,0,1,0,1,1,0,0
ZAL,0,0,1,0,1,0,0,0
KOHC,0,0,1,0,1,1,0,0
MCB,0,0,1,0,1,1,1,0
TRSM,0,0,1,0,1,0,0,0
IGIHL,0,0,1,0,1,1,0,0
AMTEX,0,0,1,0,1,0,0,0
AGP,0,0,1,0,1,1,0,0
FABL,0,0,1,0,1,1,1,0
SPWL,0,0,1,0,1,0,0,0
JSBL,0,0,1,0,1,0,0,0
PIL,0,0,1,0,1,0,0,0
DWAE,0,0,1,0,1,0,0,0
MERIT,0,0,1,0,1,0,0,0
FATIMA,0,0,1,0,1,1,0,0
GFIL,0,0,1,0,1,0,0,0
FIBLM,0,0,1,0,1,0,0,0
CLCPS,0,0,1,0,1,0,0,0
EPCL,0,0,1,0,1,0,0,0
POL,0,0,1,0,1,1,0,0
CHCC,0,0,1,0,1,1,0,0
BFBIO,0,0,1,0,1,1,0,0
SKRS,0,0,1,0,1,0,0,0
IMS,0,0,1,0,1,0,0,0
TPLI,0,0,1,0,1,0,0,0
HICL,0,0,1,0,1,0,0,0
NRL,0,0,1,0,1,1,0,1
OCTOPUS,0,0,1,0,1,0,0,0
IPAK,0,0,1,0,1,0,0,0
SAIF,0,0,1,0,1,0,0,0
ZTL,0,0,1,0,1,0,0,0
SURC,0,0,1,0,1,1,0,0
FTMM,0,0,1,0,1,0,0,0
GHNI,0,0,1,0,1,1,0,0
FPJM,0,0,1,0,1,0,0,0
GHGL,0,0,1,0,1,0,0,0
TRIPF,0,0,1,0,1,1,0,0
BGL,0,0,1,0,1,0,0,0
RPL,0,0,1,0,1,0,0,0
DWSM,0,0,1,0,1,0,0,0
GTYR,0,0,1,0,1,0,0,0
ARCTM,0,0,1,0,1,0,0,0
KTML,0,0,1,0,1,0,0,0
TCORP,0,0,1,0,1,0,0,0
TSMF,0,0,1,0,1,0,0,0
IDRT,0,0,1,0,1,1,0,0
DLL,0,0,1,0,1,1,0,0
BLUEX,0,0,1,0,1,0,0,0
JSGBETF,0,0,1,0,1,0,0,0
UCAPM,0,0,1,0,1,0,0,0
BIPL,0,0,1,0,1,0,0,0
TSPL,0,0,1,0,1,0,0,0
SEPL,0,0,1,0,1,1,0,0
SMCPL,0,0,1,0,1,0,0,0
MSCL,0,0,1,0,1,0,0,0
HAEL,0,0,1,0,1,0,0,0
HWQS,0,0,1,0,1,0,0,0
LEUL,0,0,1,0,1,0,0,0
KOIL,0,0,1,0,1,0,0,0
NICL,0,0,1,0,1,1,0,0
KOHE,0,0,1,0,1,0,0,0
GLAXO,0,0,1,0,1,1,0,0
JGICL,0,0,1,0,1,1,0,0
ESBL,0,0,1,0,1,0,0,0
LSEFSL,0,0,1,0,1,0,0,0
SAZEW,0,0,1,0,1,1,0,0
ANSM,0,0,1,0,1,0,0,0
UBDL,0,0,1,0,1,0,0,0
BPL,0,0,1,0,1,1,0,0
NCL,0,0,1,0,1,0,0,0
FECTC,0,0,1,0,1,1,0,0
PABC,0,0,1,0,1,1,0,0
ECOP,0,0,1,0,1,0,0,0
MSOT,0,0,1,0,1,1,0,0
PINL,0,0,1,0,1,0,0,0
DNCC,0,0,1,0,1,0,0,0
JDMT,0,0,1,0,1,1,0,0
SHDT,0,0,1,0,1,1,0,0
KSBP,0,0,1,0,1,1,0,0
LIVEN,0,0,1,0,1,0,0,0
UBLPETF,0,0,1,0,1,0,0,0
PICT,0,0,1,0,1,0,0,0
FML,0,0,1,0,1,1,0,0
ATRL,0,0,1,0,1,1,0,1
TATM,0,0,1,0,1,1,0,0
APL,0,0,1,0,1,1,0,1
MTL,0,0,1,0,1,1,0,0
SRR,0,0,1,0,1,0,0,0
786,0,0,1,0,1,0,0,0
PKGS,0,0,1,0,1,1,0,0
RICL,0,0,1,0,1,0,0,0
ABL,0,0,1,0,1,1,1,0
PRWM,0,0,1,0,1,1,0,0
IGIL,0,0,1,0,1,0,0,0
ORM,0,0,1,0,1,0,0,0
ICCI,0,0,1,0,1,0,0,0
BRRG,0,0,1,0,1,0,0,0
FTSM,0,0,1,0,1,0,0,0
NCML,0,0,1,0,1,0,0,0
PIOC,0,0,1,0,1,1,0,0
BIFO,0,0,1,0,1,1,0,0
NATF,0,0,1,0,1,1,0,0
BCL,0,0,1,0,1,1,0,0
GATI,0,0,1,0,1,1,0,0
GADT,0,0,1,0,1,1,0,0
DOL,0,0,1,0,1,0,0,0
ZAHID,0,0,1,0,1,1,0,0
SERT,0,0,1,0,1,0,0,0
NRSL,0,0,1,0,1,0,0,0
AGIC,0,0,1,0,1,0,0,0
CCM,0,0,1,0,1,0,0,0
GVGL,0,0,1,0,1,1,0,0
TPLL,0,0,1,0,1,0,0,0
MIRKS,0,0,1,0,1,0,0,0
UVIC,0,0,1,0,1,0,0,0
GUSM,0,0,1,0,1,0,0,0
PIM,0,0,1,0,1,0,0,0
KOHP,0,0,1,0,1,0,0,0
AGTL,0,0,1,0,1,1,0,0
TGL,0,0,1,0,1,1,0,0
FPRM,0,0,1,0,1,0,0,0
BWHL,0,0,1,0,1,1,0,0
JATM,0,0,1,0,1,0,0,0
REDCO,0,0,1,0,1,0,0,0
AHL,0,0,1,0,1,1,0,0
PKGI,0,0,1,0,1,0,0,0
LPGL,0,0,1,0,1,1,0,0
CRTM,0,0,1,0,1,1,0,0
PTL,0,0,1,0,1,1,0,0
EPCLPS,0,0,1,0,1,0,0,0
MWMP,0,0,1,0,1,1,0,0
KSTM,0,0,1,0,1,0,0,0
ICL,0,0,1,0,1,1,0,0
SUTM,0,0,1,0,1,1,0,0
DEL,0,0,1,0,1,0,0,0
DAAG,0,0,1,0,1,1,0,0
IDSM,0,0,1,0,1,1,0,0
FHAM,0,0,1,0,1,0,0,0
HALEON,0,0,1,0,1,1,0,0
FLYNG,0,0,1,0,1,0,0,0
SINDM,0,0,1,0,1,0,0,0
BFMOD,0,0,1,0,1,0,0,0
LCI,0,0,1,0,1,1,0,0
BWCL,0,0,1,0,1,1,0,0
FEM,0,0,1,0,1,0,0,0
BERG,0,0,1,0,1,1,0,0
HINOON,0,0,1,0,1,1,0,0
RUBY,0,0,1,0,1,0,0,0
EMCO,0,0,1,0,1,0,0,0
BAPL,0,0,1,0,1,0,0,0
ASTM,0,0,1,0,1,0,0,0
SPL,0,0,1,0,1,1,0,0
BNWM,0,0,1,0,1,1,0,0
SIBL,0,0,1,0,1,0,0,0
PAKD,0,0,1,0,1,1,0,0
KPUS,0,0,1,0,1,1,0,0
HBLTETF,0,0,1,0,1,1,0,0
MQTM,0,0,1,0,1,0,0,0
AGIL,0,0,1,0,1,1,0,0
GOC,0,0,1,0,1,1,0,0
DADX,0,0,1,0,1,1,0,0
NBPGETF,0,0,1,0,1,0,0,0
SHSML,0,0,1,0,1,1,0,0
OLPL,0,0,1,0,1,0,0,0
ARPAK,0,0,1,0,1,1,0,0
TOWL,0,0,1,0,1,1,0,0
PKGP,0,0,1,0,1,0,0,0
FECM,0,0,1,0,1,0,0,0
HGFA,0,0,1,0,1,0,0,0
JSRR,0,0,1,0,1,0,0,0
OLPM,0,0,1,0,1,0,0,0
ANTM,0,0,1,0,1,0,0,0
SCBPL,0,0,1,0,1,1,0,0
AMBL,0,0,1,0,1,0,0,0
PPP,0,0,1,0,1,1,0,0
ATBA,0,0,1,0,1,1,0,0
ADAMS,0,0,1,0,1,1,0,0
NAGC,0,0,1,0,1,1,0,0
FCIBL,0,0,1,0,1,0,0,0
FCEL,0,0,1,0,1,0,0,0
SEL,0,0,1,0,1,0,0,0
CHAS,0,0,1,0,1,1,0,0
UNIC,0,0,1,0,1,0,0,0
GRYL,0,0,1,0,1,0,0,0
NONS,0,0,1,0,1,1,0,0
HIFA,0,0,1,0,1,0,0,0
MRNS,0,0,1,0,1,1,0,0
OTSU,0,0,1,0,1,1,0,0
UDPL,0,0,1,0,1,1,0,0
STML,0,0,1,0,1,0,0,0
JSIL,0,0,1,0,1,0,0,0
SRVI,0,0,1,0,1,1,0,0
ABOT,0,0,1,0,1,1,0,0
QUET,0,0,1,0,1,0,0,0
GAMON,0,0,1,0,1,0,0,0
NITGETF,0,0,1,0,1,0,0,0
ACPL,0,0,1,0,1,1,0,0
WAFI,0,0,1,0,1,1,0,0
MEHT,0,0,1,0,1,1,0,0
ARPL,0,0,1,0,1,1,0,0
SHFA,0,0,1,0,1,1,0,0
SSML,0,0,1,0,1,0,0,0
IDYM,0,0,1,0,1,1,0,0
SLYT,0,0,1,0,1,0,0,0
INKL,0,0,1,0,1,1,0,0
SSOM,0,0,1,0,1,1,0,0
MACTER,0,0,1,0,1,1,0,0
PPVC,0,0,1,0,1,0,0,0
EXIDE,0,0,1,0,1,1,0,0
ASHT,0,0,1,0,1,0,0,0
DIIL,0,0,1,0,1,1,0,0
PNSC,0,0,1,0,1,1,0,0
FRSM,0,0,1,0,1,0,0,0
ARUJ,0,0,1,0,1,0,0,0
SHEZ,0,0,1,0,1,1,0,0
PSYL,0,0,1,0,1,1,0,0
WAHN,0,0,1,0,1,1,0,0
LPL,0,0,1,0,1,0,0,0
SHCM,0,0,1,0,1,1,0,0
CLVL,0,0,1,0,1,0,0,0
HINO,0,0,1,0,1,1,0,0
FEROZ,0,0,1,0,1,1,0,0
SNAI,0,0,1,0,1,0,0,0
INDU,0,0,1,0,1,1,0,0
SANSM,0,0,1,0,1,1,0,0
FRCL,0,0,1,0,1,1,0,0
EFUL,0,0,1,0,1,1,0,0
COLG,0,0,1,0,1,1,0,0
ATLH,0,0,1,0,1,1,0,0
DWTM,0,0,1,0,1,0,0,0
HABSM,0,0,1,0,1,1,0,0
CENI,0,0,1,0,1,1,0,0
AATM,0,0,1,0,1,1,0,0
GEMNETS,0,0,1,0,1,0,0,0
TSML,0,0,1,0,1,1,0,0
SZTM,0,0,1,0,1,1,0,0
IBFL,0,0,1,0,1,1,0,0
PAKOXY,0,0,1,0,1,1,0,0
PAKT,0,0,1,0,1,1,0,0
DYNO,0,0,1,0,1,1,0,0
ATIL,0,0,1,0,1,1,0,0
ACIETF,0,0,1,0,1,0,0,0
JSGCL,0,0,1,0,1,1,0,0
POML,0,0,1,0,1,1,0,0
ELCM,0,0,1,0,1,1,0,0
STYLERS,0,0,1,0,1,0,0,0
FZCM,0,0,1,0,1,1,0,0
MFFL,0,0,1,0,1,1,0,0
DMC,0,0,1,0,1,1,0,0
SITC,0,0,1,0,1,1,0,0
SHNI,0,0,1,0,1,0,0,0
AHTM,0,0,1,0,1,1,0,0
ASIC,0,0,1,0,1,0,0,0
ALIFE,0,0,1,0,1,0,0,0
POWERPS,0,0,1,0,1,0,0,0
PECO,0,0,1,0,1,1,0,0
JDWS,0,0,1,0,1,1,0,0
AKDHL,0,0,1,0,1,1,0,0
THALL,0,0,1,0,1,1,0,0
BOK,0,0,1,0,1,0,0,0
RUPL,0,0,1,0,1,0,0,0
PAKL,0,0,1,0,1,0,0,0
MUGHALC,0,0,1,0,1,1,0,0
ALNRS,0,0,1,0,1,1,0,0
SHJS,0,0,1,0,1,1,0,0
SML,0,0,1,0,1,1,0,0
NESTLE,0,0,1,0,1,1,0,0
NEXT,0,0,1,0,1,0,0,0
SASML,0,0,1,0,1,1,0,0
KHTC,0,0,1,0,1,1,0,0
JKSM,0,0,1,0,1,1,0,0
EWIC,0,0,1,0,1,1,0,0
MUREB,0,0,1,0,1,1,0,0
PSEL,0,0,1,0,1,1,0,0
FASM,0,0,1,0,1,1,0,0
SCL,0,0,1,0,1,1,0,0
BATA,0,0,1,0,1,1,0,0
EFUG,0,0,1,0,1,1,0,0
ZIL,0,0,1,0,1,1,0,0
DINT,0,0,1,0,1,1,0,0
PGLC,0,0,1,0,1,0,0,0
NATM,0,0,1,0,1,1,0,0
PCAL,0,0,1,0,1,1,0,0
RMPL,0,0,1,0,1,1,0,0
KCL,0,0,1,0,1,1,0,0
ISIL,0,0,1,0,1,1,0,0
FSWL,0,0,1,0,1,1,0,0
STJT,0,0,1,0,1,1,0,0
TICL,0,0,1,0,1,1,0,0
BELA,0,0,1,0,1,1,0,0
MCBIM,0,0,1,0,1,1,0,0
SAPT,0,0,1,0,1,1,0,0
BAFS,0,0,1,0,1,1,0,0
SFL,0,0,1,0,1,1,0,0
HPL,0,0,1,0,1,1,0,0
OML,0,0,1,0,1,0,0,0
BUXL,0,0,1,0,1,1,0,0
JUBS,0,0,1,0,1,1,0,0
ELSM,0,0,1,0,1,1,0,0
BTL,0,0,1,0,1,1,0,0
SARC,0,0,1,0,1,1,0,0
NSRM,0,0,1,0,1,1,0,0
ASLPS,0,0,1,0,1,0,0,0
CFL,0,0,1,0,1,1,0,0
FIMM,0,0,1,0,1,1,0,0
HAFL,0,0,1,0,1,1,0,0
JVDCPS,0,0,1,0,1,1,0,0
PRET,0,0,1,0,1,1,0,0
ASLCPS,0,0,1,0,1,1,0,0
PMRS,0,0,1,0,1,1,0,0
AABS,0,0,1,0,1,1,0,0
UPFL,0,0,1,0,1,1,0,0
SIEM,0,0,1,0,1,1,0,0
SUHJ,0,0,1,0,1,1,0,0
PIAHCLB,0,0,1,0,1,1,0,0
AKGL,0,0,1,0,1,1,0,0
BHAT,0,0,1,0,1,1,0,0
FIL,0,0,1,0,1,1,0,0
KHYT,0,0,1,0,1,1,0,0
REWM,0,0,1,0,1,1,0,0
